{"cameraMode":{"drawMode":0,"name":"Shaded","section":"Shading Mode"},"sceneLighting":true,"audioPlay":false,"sceneViewState":{"m_AlwaysRefresh":false,"showFog":true,"showSkybox":true,"showFlares":true,"showImageEffects":true,"showParticleSystems":true,"showVisualEffectGraphs":true,"m_FxEnabled":true},"in2DMode":false,"pivot":{"x":4.05702543258667,"y":-23.875778198242189,"z":59.48973083496094},"rotation":{"x":0.309239000082016,"y":0.007127022370696068,"z":-0.0023298237938433887,"w":0.9509750008583069},"size":54.330055236816409,"orthographic":false}