{"cameraMode":{"drawMode":0,"name":"Shaded","section":"Shading Mode"},"sceneLighting":true,"audioPlay":false,"sceneViewState":{"m_AlwaysRefresh":false,"showFog":true,"showSkybox":true,"showFlares":true,"showImageEffects":true,"showParticleSystems":true,"showVisualEffectGraphs":true,"m_FxEnabled":true},"in2DMode":false,"pivot":{"x":1159.5330810546875,"y":548.1051635742188,"z":-8.1817626953125},"rotation":{"x":0.011104504577815533,"y":-0.009587953798472882,"z":-0.0000874960096552968,"w":-0.9999234676361084},"size":713.3990478515625,"orthographic":false}